{"cameraMode":{"drawMode":0,"name":"Shaded","section":"Shading Mode"},"sceneLighting":false,"audioPlay":false,"sceneViewState":{"showFog":true,"showMaterialUpdate":false,"showSkybox":false,"showFlares":true,"showImageEffects":true,"showParticleSystems":true},"in2DMode":false,"pivot":{"x":0.06000000238418579,"y":0.492000013589859,"z":0.8799999952316284},"rotation":{"x":0.1396903246641159,"y":-0.7664415240287781,"z":0.17808254063129426,"w":0.6011315584182739},"size":0.20199717581272126,"orthographic":false}